Open,Signal,Date
42.529999,1,2014-10-16
43.200001,1,2014-10-17
43.060001,1,2014-10-20
44.360001,1,2014-10-21
45.0,1,2014-10-22
44.619999,1,2014-10-23
46.830002,1,2014-10-24
45.709999,1,2014-10-27
45.860001,1,2014-10-28
46.439999,1,2014-10-29
46.32,1,2014-10-30
46.939999,1,2014-10-31
46.889999,1,2014-11-03
47.299999,1,2014-11-04
47.799999,1,2014-11-05
47.860001,1,2014-11-06
48.919998,1,2014-11-07
48.650002,1,2014-11-10
48.849998,1,2014-11-11
48.560001,1,2014-11-12
48.810001,1,2014-11-13
49.740002,1,2014-11-14
49.41,1,2014-11-17
49.130001,1,2014-11-18
48.66,1,2014-11-19
48.0,1,2014-11-20
49.02,1,2014-11-21
47.990002,1,2014-11-24
47.66,1,2014-11-25
47.490002,1,2014-11-26
47.950001,1,2014-11-28
47.880001,1,2014-12-01
48.84,1,2014-12-02
48.439999,1,2014-12-03
48.389999,1,2014-12-04
48.82,1,2014-12-05
48.259998,1,2014-12-08
47.110001,1,2014-12-09
47.580002,1,2014-12-10
47.080002,1,2014-12-11
46.779999,1,2014-12-12
47.200001,1,2014-12-15
45.900002,1,2014-12-16
45.049999,1,2014-12-17
46.580002,1,2014-12-18
47.630001,1,2014-12-19
47.779999,1,2014-12-22
48.369999,1,2014-12-23
48.639999,1,2014-12-24
48.41,1,2014-12-26
47.700001,1,2014-12-29
47.439999,1,2014-12-30
46.73,1,2014-12-31
46.66,1,2015-01-02
46.369999,1,2015-01-05
46.380001,1,2015-01-06
45.98,1,2015-01-07
46.75,1,2015-01-08
47.610001,1,2015-01-09
47.419998,1,2015-01-12
46.970001,1,2015-01-13
45.959999,1,2015-01-14
46.220001,1,2015-01-15
45.310001,1,2015-01-16
46.299999,1,2015-01-20
45.939999,1,2015-01-21
46.380001,1,2015-01-22
47.360001,1,2015-01-23
47.0,1,2015-01-26
42.950001,1,2015-01-27
42.740002,1,2015-01-28
40.93,1,2015-01-29
41.549999,1,2015-01-30
40.59,1,2015-02-02
41.630001,1,2015-02-03
41.939999,1,2015-02-04
42.220001,1,2015-02-05
42.68,1,2015-02-06
42.240002,1,2015-02-09
42.740002,1,2015-02-10
42.650002,1,2015-02-11
42.66,1,2015-02-12
43.380001,1,2015-02-13
43.970001,1,2015-02-17
43.630001,1,2015-02-18
43.18,1,2015-02-19
43.509998,1,2015-02-20
43.700001,1,2015-02-23
44.150002,1,2015-02-24
43.950001,1,2015-02-25
43.990002,1,2015-02-26
44.130001,1,2015-02-27
43.669998,1,2015-03-02
43.560001,1,2015-03-03
43.009998,1,2015-03-04
43.07,1,2015-03-05
43.0,-1,2015-03-06
42.189999,-1,2015-03-09
42.349998,-1,2015-03-10
42.310001,-1,2015-03-11
41.330002,-1,2015-03-12
40.700001,-1,2015-03-13
41.470001,-1,2015-03-16
41.369999,-1,2015-03-17
41.43,-1,2015-03-18
42.259998,-1,2015-03-19
42.560001,-1,2015-03-20
42.880001,-1,2015-03-23
42.779999,-1,2015-03-24
42.919998,-1,2015-03-25
41.220001,-1,2015-03-26
41.119999,-1,2015-03-27
41.099998,-1,2015-03-30
40.779999,-1,2015-03-31
40.599998,-1,2015-04-01
40.66,-1,2015-04-02
40.34,-1,2015-04-06
41.610001,-1,2015-04-07
41.459999,-1,2015-04-08
41.25,-1,2015-04-09
41.630001,-1,2015-04-10
41.400002,-1,2015-04-13
41.799999,-1,2015-04-14
41.759998,-1,2015-04-15
41.950001,-1,2015-04-16
41.669998,-1,2015-04-17
41.73,-1,2015-04-20
43.0,-1,2015-04-21
42.669998,-1,2015-04-22
42.889999,-1,2015-04-23
45.66,-1,2015-04-24
47.23,-1,2015-04-27
47.779999,-1,2015-04-28
48.720001,-1,2015-04-29
48.700001,-1,2015-04-30
48.580002,-1,2015-05-01
48.369999,-1,2015-05-04
47.82,-1,2015-05-05
47.57,-1,2015-05-06
46.27,-1,2015-05-07
47.549999,-1,2015-05-08
47.549999,-1,2015-05-11
46.849998,-1,2015-05-12
48.189999,-1,2015-05-13
48.029999,-1,2015-05-14
48.869999,-1,2015-05-15
47.98,-1,2015-05-18
47.560001,-1,2015-05-19
47.389999,-1,2015-05-20
47.279999,-1,2015-05-21
47.299999,-1,2015-05-22
46.830002,-1,2015-05-26
46.82,-1,2015-05-27
47.5,-1,2015-05-28
47.43,-1,2015-05-29
47.060001,-1,2015-06-01
46.93,-1,2015-06-02
47.369999,-1,2015-06-03
46.790001,-1,2015-06-04
46.310001,-1,2015-06-05
46.299999,-1,2015-06-08
45.759998,-1,2015-06-09
45.790001,-1,2015-06-10
46.66,1,2015-06-11
46.220001,1,2015-06-12
45.450001,1,2015-06-15
45.349998,1,2015-06-16
45.73,1,2015-06-17
46.220001,1,2015-06-18
46.790001,1,2015-06-19
46.330002,1,2015-06-22
46.130001,1,2015-06-23
45.669998,1,2015-06-24
46.029999,1,2015-06-25
45.650002,1,2015-06-26
45.040001,1,2015-06-29
44.709999,1,2015-06-30
44.459999,1,2015-07-01
44.48,1,2015-07-02
43.959999,1,2015-07-06
44.34,1,2015-07-07
44.439999,1,2015-07-08
44.75,1,2015-07-09
45.009998,1,2015-07-10
44.98,1,2015-07-13
45.450001,1,2015-07-14
45.68,1,2015-07-15
46.009998,1,2015-07-16
46.549999,1,2015-07-17
46.650002,1,2015-07-20
46.779999,1,2015-07-21
45.439999,1,2015-07-22
45.27,1,2015-07-23
45.91,1,2015-07-24
45.939999,1,2015-07-27
45.580002,1,2015-07-28
45.400002,1,2015-07-29
46.259998,1,2015-07-30
47.290001,1,2015-07-31
46.98,1,2015-08-03
46.75,1,2015-08-04
47.98,1,2015-08-05
47.709999,1,2015-08-06
46.389999,1,2015-08-07
46.950001,1,2015-08-10
46.82,1,2015-08-11
46.189999,1,2015-08-12
47.060001,1,2015-08-13
46.529999,1,2015-08-14
46.810001,1,2015-08-17
46.84,1,2015-08-18
46.779999,1,2015-08-19
46.07,1,2015-08-20
45.299999,1,2015-08-21
40.450001,1,2015-08-24
42.57,1,2015-08-25
42.009998,1,2015-08-26
43.23,1,2015-08-27
43.400002,1,2015-08-28
43.560001,1,2015-08-31
42.169998,1,2015-09-01
42.360001,1,2015-09-02
43.41,1,2015-09-03
42.810001,1,2015-09-04
43.299999,1,2015-09-08
44.209999,1,2015-09-09
43.119999,1,2015-09-10
43.139999,1,2015-09-11
43.43,1,2015-09-14
43.189999,1,2015-09-15
43.970001,1,2015-09-16
44.290001,1,2015-09-17
43.5,1,2015-09-18
43.619999,1,2015-09-21
43.380001,1,2015-09-22
43.93,1,2015-09-23
43.450001,1,2015-09-24
44.48,1,2015-09-25
43.830002,-1,2015-09-28
43.369999,-1,2015-09-29
43.880001,-1,2015-09-30
44.75,-1,2015-10-01
44.27,-1,2015-10-02
45.75,-1,2015-10-05
46.330002,-1,2015-10-06
47.099998,-1,2015-10-07
46.560001,-1,2015-10-08
47.450001,-1,2015-10-09
46.98,-1,2015-10-12
46.560001,-1,2015-10-13
46.650002,-1,2015-10-14
47.009998,-1,2015-10-15
47.02,-1,2015-10-16
47.419998,-1,2015-10-19
47.439999,-1,2015-10-20
47.919998,-1,2015-10-21
47.529999,1,2015-10-22
52.299999,1,2015-10-23
52.529999,1,2015-10-26
53.990002,1,2015-10-27
53.540001,1,2015-10-28
53.540001,1,2015-10-29
53.32,1,2015-10-30
52.849998,1,2015-11-02
52.93,1,2015-11-03
54.18,1,2015-11-04
54.490002,1,2015-11-05
54.09,1,2015-11-06
54.549999,1,2015-11-09
54.07,1,2015-11-10
53.700001,1,2015-11-11
53.48,1,2015-11-12
53.07,1,2015-11-13
53.080002,1,2015-11-16
53.169998,1,2015-11-17
53.0,1,2015-11-18
53.990002,1,2015-11-19
54.25,1,2015-11-20
54.25,1,2015-11-23
53.919998,1,2015-11-24
54.09,1,2015-11-25
53.799999,1,2015-11-27
54.540001,1,2015-11-30
54.41,1,2015-12-01
55.32,1,2015-12-02
55.490002,1,2015-12-03
54.119999,1,2015-12-04
55.790001,1,2015-12-07
55.470001,1,2015-12-08
55.369999,1,2015-12-09
55.389999,1,2015-12-10
54.709999,1,2015-12-11
54.330002,1,2015-12-14
55.66,1,2015-12-15
55.540001,1,2015-12-16
56.360001,1,2015-12-17
55.77,1,2015-12-18
54.880001,1,2015-12-21
54.990002,1,2015-12-22
55.700001,1,2015-12-23
55.860001,1,2015-12-24
55.349998,1,2015-12-28
56.290001,1,2015-12-29
56.470001,1,2015-12-30
56.040001,1,2015-12-31
54.32,1,2016-01-04
54.93,1,2016-01-05
54.32,1,2016-01-06
52.700001,1,2016-01-07
52.369999,1,2016-01-08
52.509998,1,2016-01-11
52.759998,1,2016-01-12
53.799999,1,2016-01-13
52.0,1,2016-01-14
51.310001,1,2016-01-15
51.48,1,2016-01-19
49.98,1,2016-01-20
51.0,1,2016-01-21
51.41,1,2016-01-22
51.939999,1,2016-01-25
51.790001,1,2016-01-26
52.009998,1,2016-01-27
51.860001,1,2016-01-28
54.73,1,2016-01-29
54.880001,1,2016-02-01
54.169998,1,2016-02-02
53.25,1,2016-02-03
52.099998,1,2016-02-04
51.939999,1,2016-02-05
49.549999,1,2016-02-08
49.02,1,2016-02-09
49.889999,1,2016-02-10
48.68,1,2016-02-11
50.25,1,2016-02-12
50.900002,1,2016-02-16
51.490002,1,2016-02-17
52.330002,1,2016-02-18
51.970001,1,2016-02-19
52.279999,1,2016-02-22
52.34,1,2016-02-23
50.689999,1,2016-02-24
51.73,1,2016-02-25
52.599998,1,2016-02-26
51.349998,1,2016-02-29
50.970001,1,2016-03-01
52.41,1,2016-03-02
52.970001,1,2016-03-03
52.400002,1,2016-03-04
51.560001,1,2016-03-07
50.799999,1,2016-03-08
51.889999,1,2016-03-09
52.93,1,2016-03-10
53.0,1,2016-03-11
52.709999,1,2016-03-14
52.75,1,2016-03-15
53.450001,1,2016-03-16
54.209999,1,2016-03-17
54.919998,1,2016-03-18
53.25,1,2016-03-21
53.610001,1,2016-03-22
54.110001,1,2016-03-23
53.84,1,2016-03-24
54.209999,1,2016-03-28
53.66,1,2016-03-29
54.93,1,2016-03-30
54.950001,1,2016-03-31
55.049999,1,2016-04-01
55.43,1,2016-04-04
55.189999,1,2016-04-05
54.360001,1,2016-04-06
54.869999,1,2016-04-07
54.669998,1,2016-04-08
54.490002,1,2016-04-11
54.369999,1,2016-04-12
55.119999,1,2016-04-13
55.220001,1,2016-04-14
55.299999,1,2016-04-15
55.490002,1,2016-04-18
56.630001,1,2016-04-19
56.290001,1,2016-04-20
55.799999,1,2016-04-21
51.91,1,2016-04-22
51.779999,1,2016-04-25
52.259998,1,2016-04-26
51.48,1,2016-04-27
50.619999,1,2016-04-28
49.349998,1,2016-04-29
50.0,1,2016-05-02
50.34,1,2016-05-03
49.84,1,2016-05-04
49.869999,1,2016-05-05
49.919998,1,2016-05-06
50.490002,1,2016-05-09
50.330002,1,2016-05-10
51.130001,1,2016-05-11
51.200001,1,2016-05-12
51.439999,1,2016-05-13
50.799999,1,2016-05-16
51.720001,1,2016-05-17
50.48,1,2016-05-18
50.470001,1,2016-05-19
50.48,1,2016-05-20
50.599998,1,2016-05-23
50.700001,1,2016-05-24
51.919998,1,2016-05-25
51.93,1,2016-05-26
51.919998,1,2016-05-27
52.259998,1,2016-05-31
52.439999,1,2016-06-01
52.639999,1,2016-06-02
52.380001,1,2016-06-03
51.990002,1,2016-06-06
52.240002,1,2016-06-07
52.02,1,2016-06-08
52.0,1,2016-06-09
51.049999,1,2016-06-10
49.580002,1,2016-06-13
49.900002,1,2016-06-14
49.779999,1,2016-06-15
49.52,1,2016-06-16
50.41,1,2016-06-17
50.639999,1,2016-06-20
50.200001,1,2016-06-21
51.080002,1,2016-06-22
51.279999,-1,2016-06-23
49.810001,-1,2016-06-24
49.099998,-1,2016-06-27
48.919998,-1,2016-06-28
49.91,-1,2016-06-29
50.720001,-1,2016-06-30
51.130001,-1,2016-07-01
50.830002,-1,2016-07-05
50.779999,-1,2016-07-06
51.419998,-1,2016-07-07
51.73,-1,2016-07-08
52.5,-1,2016-07-11
52.939999,-1,2016-07-12
53.560001,-1,2016-07-13
53.84,-1,2016-07-14
53.950001,-1,2016-07-15
53.700001,-1,2016-07-18
53.709999,-1,2016-07-19
56.150002,-1,2016-07-20
55.98,-1,2016-07-21
56.080002,-1,2016-07-22
56.470001,-1,2016-07-25
56.52,-1,2016-07-26
56.610001,-1,2016-07-27
56.0,-1,2016-07-28
56.259998,-1,2016-07-29
56.599998,-1,2016-08-01
56.849998,-1,2016-08-02
56.68,-1,2016-08-03
56.799999,-1,2016-08-04
57.650002,-1,2016-08-05
58.060001,-1,2016-08-08
58.169998,-1,2016-08-09
58.16,1,2016-08-10
58.029999,1,2016-08-11
58.029999,1,2016-08-12
58.009998,1,2016-08-15
57.610001,1,2016-08-16
57.540001,1,2016-08-17
57.419998,1,2016-08-18
57.43,1,2016-08-19
57.599998,1,2016-08-22
57.900002,1,2016-08-23
57.799999,1,2016-08-24
57.880001,1,2016-08-25
58.279999,1,2016-08-26
58.18,1,2016-08-29
57.98,1,2016-08-30
57.650002,1,2016-08-31
57.009998,1,2016-09-01
57.669998,1,2016-09-02
57.779999,1,2016-09-06
57.470001,1,2016-09-07
57.630001,1,2016-09-08
56.790001,1,2016-09-09
56.0,1,2016-09-12
56.5,1,2016-09-13
56.389999,1,2016-09-14
56.150002,1,2016-09-15
57.630001,1,2016-09-16
57.27,1,2016-09-19
57.349998,1,2016-09-20
57.509998,1,2016-09-21
57.919998,1,2016-09-22
57.869999,1,2016-09-23
57.080002,1,2016-09-26
56.93,1,2016-09-27
57.880001,1,2016-09-28
57.810001,1,2016-09-29
57.57,1,2016-09-30
57.41,1,2016-10-03
57.27,1,2016-10-04
57.290001,1,2016-10-05
57.740002,1,2016-10-06
57.849998,1,2016-10-07
57.91,1,2016-10-10
57.889999,1,2016-10-11
57.110001,1,2016-10-12
56.700001,1,2016-10-13
57.119999,1,2016-10-14
57.360001,1,2016-10-17
57.529999,1,2016-10-18
57.470001,1,2016-10-19
57.5,1,2016-10-20
60.279999,1,2016-10-21
59.939999,1,2016-10-24
60.849998,1,2016-10-25
60.810001,1,2016-10-26
60.610001,1,2016-10-27
60.009998,1,2016-10-28
60.16,1,2016-10-31
59.970001,1,2016-11-01
59.82,1,2016-11-02
59.529999,1,2016-11-03
58.650002,1,2016-11-04
59.779999,1,2016-11-07
60.549999,1,2016-11-08
60.0,1,2016-11-09
60.48,1,2016-11-10
58.23,1,2016-11-11
59.02,1,2016-11-14
58.330002,1,2016-11-15
58.939999,1,2016-11-16
60.41,1,2016-11-17
60.779999,1,2016-11-18
60.5,1,2016-11-21
60.98,1,2016-11-22
61.009998,1,2016-11-23
60.299999,1,2016-11-25
60.34,1,2016-11-28
60.650002,1,2016-11-29
60.860001,1,2016-11-30
60.110001,1,2016-12-01
59.080002,1,2016-12-02
59.700001,1,2016-12-05
60.43,1,2016-12-06
60.009998,1,2016-12-07
61.299999,1,2016-12-08
61.18,1,2016-12-09
61.82,1,2016-12-12
62.5,1,2016-12-13
63.0,1,2016-12-14
62.700001,1,2016-12-15
62.950001,1,2016-12-16
62.560001,1,2016-12-19
63.689999,1,2016-12-20
63.43,1,2016-12-21
63.84,1,2016-12-22
63.450001,1,2016-12-23
63.209999,1,2016-12-27
63.400002,1,2016-12-28
62.860001,1,2016-12-29
62.959999,1,2016-12-30
62.790001,1,2017-01-03
62.48,1,2017-01-04
62.189999,1,2017-01-05
62.299999,1,2017-01-06
62.759998,1,2017-01-09
62.73,1,2017-01-10
62.610001,1,2017-01-11
63.060001,1,2017-01-12
62.619999,1,2017-01-13
62.68,1,2017-01-17
62.669998,1,2017-01-18
62.240002,1,2017-01-19
62.669998,1,2017-01-20
62.700001,1,2017-01-23
63.200001,1,2017-01-24
63.950001,1,2017-01-25
64.120003,1,2017-01-26
65.389999,1,2017-01-27
65.690002,1,2017-01-30
64.860001,1,2017-01-31
64.360001,1,2017-02-01
63.25,1,2017-02-02
63.5,1,2017-02-03
63.5,1,2017-02-06
63.740002,1,2017-02-07
63.57,1,2017-02-08
63.52,1,2017-02-09
64.25,1,2017-02-10
64.239998,1,2017-02-13
64.410004,1,2017-02-14
64.5,1,2017-02-15
64.739998,1,2017-02-16
64.470001,1,2017-02-17
64.610001,1,2017-02-21
64.330002,1,2017-02-22
64.419998,1,2017-02-23
64.529999,1,2017-02-24
64.540001,1,2017-02-27
64.080002,1,2017-02-28
64.129997,1,2017-03-01
64.690002,1,2017-03-02
63.990002,1,2017-03-03
63.970001,1,2017-03-06
64.190002,1,2017-03-07
64.260002,1,2017-03-08
65.190002,1,2017-03-09
65.110001,1,2017-03-10
65.010002,1,2017-03-13
64.529999,1,2017-03-14
64.550003,1,2017-03-15
64.75,1,2017-03-16
64.910004,1,2017-03-17
64.910004,1,2017-03-20
65.190002,1,2017-03-21
64.120003,1,2017-03-22
64.940002,1,2017-03-23
65.360001,1,2017-03-24
64.629997,1,2017-03-27
64.959999,1,2017-03-28
65.120003,1,2017-03-29
65.419998,1,2017-03-30
65.650002,1,2017-03-31
65.809998,1,2017-04-03
65.389999,1,2017-04-04
66.300003,1,2017-04-05
65.599998,1,2017-04-06
65.849998,1,2017-04-07
65.610001,1,2017-04-10
65.599998,1,2017-04-11
65.419998,1,2017-04-12
65.290001,1,2017-04-13
65.040001,1,2017-04-17
65.330002,1,2017-04-18
65.650002,1,2017-04-19
65.459999,1,2017-04-20
65.669998,1,2017-04-21
67.480003,1,2017-04-24
67.900002,1,2017-04-25
68.080002,1,2017-04-26
68.150002,1,2017-04-27
68.910004,1,2017-04-28
68.68,1,2017-05-01
69.709999,1,2017-05-02
69.379997,1,2017-05-03
69.029999,1,2017-05-04
68.900002,1,2017-05-05
68.970001,1,2017-05-08
68.860001,1,2017-05-09
68.989998,1,2017-05-10
68.360001,1,2017-05-11
68.610001,1,2017-05-12
68.139999,1,2017-05-15
68.230003,1,2017-05-16
68.889999,1,2017-05-17
67.400002,1,2017-05-18
67.5,1,2017-05-19
67.889999,1,2017-05-22
68.720001,1,2017-05-23
68.870003,1,2017-05-24
68.970001,1,2017-05-25
69.800003,1,2017-05-26
69.790001,1,2017-05-30
70.529999,1,2017-05-31
70.239998,1,2017-06-01
70.440002,1,2017-06-02
71.970001,1,2017-06-05
72.300003,1,2017-06-06
72.639999,1,2017-06-07
72.510002,1,2017-06-08
72.040001,1,2017-06-09
69.25,1,2017-06-12
70.019997,1,2017-06-13
70.910004,1,2017-06-14
69.269997,1,2017-06-15
69.730003,1,2017-06-16
70.5,1,2017-06-19
70.82,1,2017-06-20
70.209999,1,2017-06-21
70.540001,1,2017-06-22
70.089996,1,2017-06-23
71.400002,1,2017-06-26
70.110001,1,2017-06-27
69.209999,1,2017-06-28
69.379997,1,2017-06-29
68.779999,1,2017-06-30
69.330002,1,2017-07-03
68.260002,1,2017-07-05
68.269997,1,2017-07-06
68.699997,1,2017-07-07
69.459999,1,2017-07-10
70.0,1,2017-07-11
70.690002,1,2017-07-12
71.5,1,2017-07-13
72.239998,1,2017-07-14
72.800003,1,2017-07-17
73.089996,1,2017-07-18
73.5,1,2017-07-19
74.18,1,2017-07-20
73.449997,1,2017-07-21
73.529999,1,2017-07-24
73.800003,1,2017-07-25
74.339996,1,2017-07-26
73.760002,1,2017-07-27
72.669998,1,2017-07-28
73.300003,1,2017-07-31
73.099998,1,2017-08-01
72.550003,1,2017-08-02
72.190002,1,2017-08-03
72.400002,1,2017-08-04
72.800003,1,2017-08-07
72.089996,1,2017-08-08
72.25,1,2017-08-09
71.900002,1,2017-08-10
71.610001,1,2017-08-11
73.059998,1,2017-08-14
73.589996,1,2017-08-15
73.339996,1,2017-08-16
73.580002,1,2017-08-17
72.269997,1,2017-08-18
72.470001,1,2017-08-21
72.349998,1,2017-08-22
72.959999,1,2017-08-23
72.739998,1,2017-08-24
72.860001,1,2017-08-25
73.059998,1,2017-08-28
72.25,1,2017-08-29
73.010002,1,2017-08-30
74.029999,1,2017-08-31
74.709999,1,2017-09-01
73.339996,1,2017-09-05
73.739998,1,2017-09-06
73.68,1,2017-09-07
74.330002,1,2017-09-08
74.309998,1,2017-09-11
74.760002,1,2017-09-12
74.93,1,2017-09-13
75.0,1,2017-09-14
74.830002,1,2017-09-15
75.230003,1,2017-09-18
75.209999,1,2017-09-19
75.349998,1,2017-09-20
75.110001,1,2017-09-21
73.989998,1,2017-09-22
74.089996,1,2017-09-25
73.669998,1,2017-09-26
73.550003,1,2017-09-27
73.540001,1,2017-09-28
73.940002,1,2017-09-29
74.709999,1,2017-10-02
74.669998,1,2017-10-03
74.089996,1,2017-10-04
75.220001,1,2017-10-05
75.669998,1,2017-10-06
75.970001,1,2017-10-09
76.330002,1,2017-10-10
76.360001,1,2017-10-11
76.489998,1,2017-10-12
77.589996,1,2017-10-13
77.419998,1,2017-10-16
77.470001,1,2017-10-17
77.669998,1,2017-10-18
77.57,1,2017-10-19
78.32,1,2017-10-20
78.989998,1,2017-10-23
78.900002,1,2017-10-24
78.580002,1,2017-10-25
79.199997,1,2017-10-26
84.370003,1,2017-10-27
83.699997,1,2017-10-30
84.360001,1,2017-10-31
83.68,1,2017-11-01
83.349998,1,2017-11-02
84.080002,1,2017-11-03
84.199997,1,2017-11-06
84.769997,1,2017-11-07
84.139999,1,2017-11-08
84.110001,1,2017-11-09
83.790001,1,2017-11-10
83.660004,1,2017-11-13
83.5,1,2017-11-14
83.470001,1,2017-11-15
83.099998,1,2017-11-16
83.120003,1,2017-11-17
82.400002,1,2017-11-20
82.739998,1,2017-11-21
83.830002,1,2017-11-22
83.010002,1,2017-11-24
83.309998,1,2017-11-27
84.07,1,2017-11-28
84.709999,1,2017-11-29
83.510002,1,2017-11-30
83.599998,1,2017-12-01
84.419998,1,2017-12-04
81.339996,1,2017-12-05
81.550003,1,2017-12-06
82.540001,1,2017-12-07
83.629997,1,2017-12-08
84.290001,1,2017-12-11
85.309998,1,2017-12-12
85.739998,1,2017-12-13
85.43,1,2017-12-14
85.260002,1,2017-12-15
87.120003,1,2017-12-18
86.349998,1,2017-12-19
86.199997,1,2017-12-20
86.050003,1,2017-12-21
85.400002,1,2017-12-22
85.309998,1,2017-12-26
85.650002,1,2017-12-27
85.900002,1,2017-12-28
85.629997,1,2017-12-29
86.129997,1,2018-01-02
86.059998,1,2018-01-03
86.589996,1,2018-01-04
87.660004,1,2018-01-05
88.199997,1,2018-01-08
88.650002,1,2018-01-09
87.860001,1,2018-01-10
88.129997,1,2018-01-11
88.669998,1,2018-01-12
90.099998,1,2018-01-16
89.080002,1,2018-01-17
89.800003,1,2018-01-18
90.139999,1,2018-01-19
90.0,1,2018-01-22
91.900002,1,2018-01-23
92.550003,1,2018-01-24
92.470001,1,2018-01-25
93.120003,1,2018-01-26
95.139999,1,2018-01-29
93.300003,1,2018-01-30
93.75,1,2018-01-31
94.790001,1,2018-02-01
93.639999,1,2018-02-02
90.559998,1,2018-02-05
86.889999,1,2018-02-06
90.489998,1,2018-02-07
89.709999,1,2018-02-08
86.300003,1,2018-02-09
88.739998,1,2018-02-12
88.93,1,2018-02-13
88.510002,1,2018-02-14
91.209999,1,2018-02-15
92.449997,1,2018-02-16
91.480003,1,2018-02-20
92.980003,1,2018-02-21
92.050003,1,2018-02-22
93.599998,1,2018-02-23
94.400002,1,2018-02-26
95.739998,1,2018-02-27
94.839996,1,2018-02-28
93.989998,1,2018-03-01
91.580002,1,2018-03-02
92.339996,1,2018-03-05
94.339996,1,2018-03-06
93.160004,1,2018-03-07
94.269997,1,2018-03-08
95.290001,1,2018-03-09
96.5,1,2018-03-12
97.0,1,2018-03-13
95.120003,1,2018-03-14
93.529999,1,2018-03-15
94.68,1,2018-03-16
93.739998,1,2018-03-19
93.050003,1,2018-03-20
92.93,1,2018-03-21
91.269997,1,2018-03-22
89.5,1,2018-03-23
90.610001,1,2018-03-26
94.940002,1,2018-03-27
89.82,1,2018-03-28
90.18,1,2018-03-29
90.470001,1,2018-04-02
89.580002,1,2018-04-03
87.849998,1,2018-04-04
92.440002,1,2018-04-05
91.489998,1,2018-04-06
91.040001,1,2018-04-09
92.389999,1,2018-04-10
92.010002,1,2018-04-11
92.43,1,2018-04-12
94.050003,1,2018-04-13
94.07,1,2018-04-16
95.0,1,2018-04-17
96.220001,1,2018-04-18
96.440002,1,2018-04-19
95.910004,1,2018-04-20
95.739998,1,2018-04-23
96.239998,1,2018-04-24
93.300003,1,2018-04-25
93.550003,1,2018-04-26
97.599998,1,2018-04-27
96.330002,1,2018-04-30
93.209999,1,2018-05-01
94.989998,1,2018-05-02
92.959999,1,2018-05-03
93.32,1,2018-05-04
95.169998,1,2018-05-07
95.849998,1,2018-05-08
96.010002,1,2018-05-09
97.459999,1,2018-05-10
97.800003,1,2018-05-11
97.919998,1,2018-05-14
97.239998,1,2018-05-15
97.360001,1,2018-05-16
96.760002,1,2018-05-17
96.010002,1,2018-05-18
97.0,1,2018-05-21
97.68,1,2018-05-22
96.709999,1,2018-05-23
98.730003,1,2018-05-24
98.300003,1,2018-05-25
97.839996,1,2018-05-29
98.309998,1,2018-05-30
99.290001,1,2018-05-31
99.279999,1,2018-06-01
101.260002,1,2018-06-04
102.0,1,2018-06-05
102.480003,1,2018-06-06
102.650002,1,2018-06-07
101.089996,1,2018-06-08
101.010002,1,2018-06-11
101.099998,1,2018-06-12
101.720001,1,2018-06-13
101.650002,1,2018-06-14
101.510002,1,2018-06-15
100.010002,1,2018-06-18
99.650002,1,2018-06-19
101.370003,1,2018-06-20
102.080002,1,2018-06-21
100.410004,1,2018-06-22
100.0,1,2018-06-25
98.82,1,2018-06-26
99.580002,1,2018-06-27
97.379997,1,2018-06-28
98.93,1,2018-06-29
98.099998,1,2018-07-02
100.480003,1,2018-07-03
99.5,1,2018-07-05
99.889999,1,2018-07-06
101.650002,1,2018-07-09
102.0,1,2018-07-10
101.150002,1,2018-07-11
102.769997,1,2018-07-12
104.370003,1,2018-07-13
105.400002,1,2018-07-16
104.610001,1,2018-07-17
105.940002,1,2018-07-18
104.93,1,2018-07-19
108.080002,1,2018-07-20
106.300003,1,2018-07-23
108.57,1,2018-07-24
107.959999,1,2018-07-25
110.739998,1,2018-07-26
110.18,1,2018-07-27
107.190002,1,2018-07-30
106.489998,1,2018-07-31
106.029999,1,2018-08-01
105.400002,1,2018-08-02
107.800003,1,2018-08-03
108.120003,1,2018-08-06
108.559998,1,2018-08-07
109.330002,1,2018-08-08
109.709999,1,2018-08-09
109.419998,1,2018-08-10
109.239998,1,2018-08-13
108.559998,1,2018-08-14
108.489998,1,2018-08-15
108.300003,1,2018-08-16
107.360001,1,2018-08-17
107.510002,1,2018-08-20
106.919998,1,2018-08-21
105.849998,1,2018-08-22
107.150002,1,2018-08-23
107.669998,1,2018-08-24
109.269997,1,2018-08-27
109.940002,1,2018-08-28
110.449997,1,2018-08-29
111.669998,1,2018-08-30
111.690002,1,2018-08-31
110.849998,1,2018-09-04
111.010002,1,2018-09-05
108.25,1,2018-09-06
108.230003,1,2018-09-07
108.839996,1,2018-09-10
108.900002,1,2018-09-11
111.43,1,2018-09-12
112.120003,1,2018-09-13
113.360001,1,2018-09-14
113.690002,1,2018-09-17
112.190002,1,2018-09-18
113.050003,1,2018-09-19
112.279999,1,2018-09-20
114.0,1,2018-09-21
113.029999,1,2018-09-24
114.800003,1,2018-09-25
114.470001,1,2018-09-26
114.779999,1,2018-09-27
114.190002,1,2018-09-28
114.75,1,2018-10-01
115.300003,1,2018-10-02
115.419998,1,2018-10-03
114.610001,1,2018-10-04
112.629997,1,2018-10-05
111.660004,1,2018-10-08
111.139999,1,2018-10-09
111.239998,1,2018-10-10
105.349998,1,2018-10-11
109.010002,1,2018-10-12
108.910004,1,2018-10-15
109.540001,1,2018-10-16
111.68,1,2018-10-17
110.099998,1,2018-10-18
108.93,1,2018-10-19
109.32,1,2018-10-22
107.769997,1,2018-10-23
108.410004,1,2018-10-24
106.550003,1,2018-10-25
105.690002,1,2018-10-26
108.110001,1,2018-10-29
103.660004,1,2018-10-30
105.440002,1,2018-10-31
107.050003,1,2018-11-01
106.480003,1,2018-11-02
106.370003,1,2018-11-05
107.379997,1,2018-11-06
109.440002,1,2018-11-07
111.800003,1,2018-11-08
110.849998,1,2018-11-09
109.419998,1,2018-11-12
107.550003,1,2018-11-13
108.099998,1,2018-11-14
104.989998,1,2018-11-15
107.080002,1,2018-11-16
108.269997,1,2018-11-19
101.800003,1,2018-11-20
103.599998,1,2018-11-21
102.169998,1,2018-11-23
104.790001,1,2018-11-26
106.269997,1,2018-11-27
107.889999,1,2018-11-28
110.330002,1,2018-11-29
110.699997,1,2018-11-30
113.0,1,2018-12-03
111.940002,1,2018-12-04
105.82,1,2018-12-06
108.379997,1,2018-12-07
104.800003,1,2018-12-10
109.800003,1,2018-12-11
110.889999,1,2018-12-12
109.580002,1,2018-12-13
108.25,1,2018-12-14
105.410004,1,2018-12-17
103.75,1,2018-12-18
103.650002,1,2018-12-19
103.050003,1,2018-12-20
101.629997,1,2018-12-21
97.68,1,2018-12-24
95.139999,1,2018-12-26
99.300003,1,2018-12-27
102.089996,1,2018-12-28
101.290001,1,2018-12-31
99.550003,1,2019-01-02
100.099998,1,2019-01-03
99.720001,1,2019-01-04
101.639999,1,2019-01-07
103.040001,1,2019-01-08
103.860001,1,2019-01-09
103.220001,1,2019-01-10
103.190002,1,2019-01-11
101.900002,1,2019-01-14
102.510002,1,2019-01-15
105.260002,1,2019-01-16
105.0,1,2019-01-17
107.459999,1,2019-01-18
106.75,1,2019-01-22
106.120003,1,2019-01-23
106.860001,1,2019-01-24
107.239998,1,2019-01-25
106.260002,1,2019-01-28
104.879997,1,2019-01-29
104.620003,1,2019-01-30
103.800003,-1,2019-01-31
103.779999,-1,2019-02-01
102.870003,-1,2019-02-04
106.059998,-1,2019-02-05
107.0,-1,2019-02-06
105.190002,-1,2019-02-07
104.389999,-1,2019-02-08
106.199997,-1,2019-02-11
106.139999,-1,2019-02-12
107.5,-1,2019-02-13
106.309998,-1,2019-02-14
107.910004,-1,2019-02-15
107.790001,-1,2019-02-19
107.860001,-1,2019-02-20
106.900002,-1,2019-02-21
110.050003,-1,2019-02-22
111.760002,-1,2019-02-25
111.260002,-1,2019-02-26
111.690002,-1,2019-02-27
112.040001,-1,2019-02-28
112.889999,-1,2019-03-01
113.019997,-1,2019-03-04
112.25,-1,2019-03-05
111.870003,-1,2019-03-06
111.400002,-1,2019-03-07
109.160004,-1,2019-03-08
110.989998,-1,2019-03-11
112.82,-1,2019-03-12
114.129997,1,2019-03-13
114.540001,1,2019-03-14
115.339996,1,2019-03-15
116.169998,1,2019-03-18
118.089996,1,2019-03-19
117.389999,1,2019-03-20
117.139999,1,2019-03-21
119.5,1,2019-03-22
116.559998,1,2019-03-25
118.620003,1,2019-03-26
117.879997,1,2019-03-27
117.440002,1,2019-03-28
118.07,1,2019-03-29
118.949997,1,2019-04-01
119.059998,1,2019-04-02
119.860001,1,2019-04-03
120.099998,1,2019-04-04
119.389999,1,2019-04-05
119.809998,1,2019-04-08
118.629997,1,2019-04-09
119.760002,1,2019-04-10
120.540001,1,2019-04-11
120.639999,1,2019-04-12
120.940002,1,2019-04-15
121.639999,1,2019-04-16
121.239998,1,2019-04-17
122.190002,1,2019-04-18
122.620003,1,2019-04-22
124.099998,1,2019-04-23
125.790001,1,2019-04-24
130.059998,1,2019-04-25
129.699997,1,2019-04-26
129.899994,1,2019-04-29
129.809998,1,2019-04-30
130.529999,1,2019-05-01
127.980003,1,2019-05-02
127.360001,1,2019-05-03
126.389999,1,2019-05-06
126.459999,1,2019-05-07
125.440002,1,2019-05-08
124.290001,1,2019-05-09
124.910004,1,2019-05-10
124.110001,1,2019-05-13
123.870003,1,2019-05-14
124.260002,1,2019-05-15
126.75,1,2019-05-16
128.309998,1,2019-05-17
126.519997,1,2019-05-20
127.43,1,2019-05-21
126.620003,1,2019-05-22
126.199997,1,2019-05-23
126.910004,1,2019-05-24
126.980003,1,2019-05-28
125.379997,1,2019-05-29
125.260002,1,2019-05-30
124.230003,1,2019-05-31
123.849998,1,2019-06-03
121.279999,1,2019-06-04
124.949997,1,2019-06-05
126.440002,1,2019-06-06
129.190002,1,2019-06-07
132.399994,1,2019-06-10
133.880005,1,2019-06-11
131.399994,1,2019-06-12
131.979996,1,2019-06-13
132.259995,1,2019-06-14
132.630005,1,2019-06-17
134.190002,1,2019-06-18
135.0,1,2019-06-19
137.449997,1,2019-06-20
136.580002,1,2019-06-21
137.0,1,2019-06-24
137.25,1,2019-06-25
134.350006,1,2019-06-26
134.139999,1,2019-06-27
134.570007,1,2019-06-28
136.630005,1,2019-07-01
136.119995,1,2019-07-02
136.800003,1,2019-07-03
135.940002,1,2019-07-05
136.399994,1,2019-07-08
136.0,1,2019-07-09
137.130005,1,2019-07-10
138.199997,1,2019-07-11
138.850006,1,2019-07-12
139.440002,1,2019-07-15
138.960007,1,2019-07-16
137.699997,1,2019-07-17
135.550003,1,2019-07-18
140.220001,1,2019-07-19
137.410004,1,2019-07-22
139.759995,1,2019-07-23
138.899994,1,2019-07-24
140.429993,1,2019-07-25
140.369995,1,2019-07-26
141.5,1,2019-07-29
140.139999,1,2019-07-30
140.330002,1,2019-07-31
137.0,1,2019-08-01
138.089996,1,2019-08-02
133.300003,1,2019-08-05
133.800003,1,2019-08-06
133.789993,1,2019-08-07
136.600006,1,2019-08-08
138.610001,1,2019-08-09
137.070007,1,2019-08-12
136.050003,1,2019-08-13
136.360001,1,2019-08-14
134.389999,1,2019-08-15
134.880005,1,2019-08-16
137.850006,1,2019-08-19
138.210007,1,2019-08-20
138.550003,1,2019-08-21
138.660004,1,2019-08-22
137.190002,1,2019-08-23
134.990005,1,2019-08-26
136.389999,1,2019-08-27
134.880005,1,2019-08-28
137.25,1,2019-08-29
139.149994,1,2019-08-30
136.610001,1,2019-09-03
137.300003,1,2019-09-04
139.110001,1,2019-09-05
140.029999,1,2019-09-06
139.589996,1,2019-09-09
136.800003,1,2019-09-10
135.910004,1,2019-09-11
137.850006,1,2019-09-12
137.779999,1,2019-09-13
135.830002,1,2019-09-16
136.960007,1,2019-09-17
137.360001,1,2019-09-18
140.300003,1,2019-09-19
141.009995,1,2019-09-20
139.229996,1,2019-09-23
140.360001,1,2019-09-24
137.5,1,2019-09-25
139.440002,1,2019-09-26
140.149994,1,2019-09-27
138.050003,1,2019-09-30
139.660004,1,2019-10-01
136.25,1,2019-10-02
134.949997,1,2019-10-03
136.75,1,2019-10-04
137.139999,1,2019-10-07
137.080002,1,2019-10-08
137.460007,1,2019-10-09
138.490005,1,2019-10-10
140.119995,1,2019-10-11
139.690002,1,2019-10-14
140.059998,1,2019-10-15
140.789993,1,2019-10-16
140.949997,1,2019-10-17
139.759995,1,2019-10-18
138.449997,1,2019-10-21
138.970001,1,2019-10-22
136.880005,1,2019-10-23
139.389999,1,2019-10-24
139.339996,1,2019-10-25
144.399994,1,2019-10-28
144.080002,1,2019-10-29
143.520004,1,2019-10-30
144.899994,1,2019-10-31
144.259995,1,2019-11-01
144.830002,1,2019-11-04
144.970001,1,2019-11-05
144.369995,1,2019-11-06
143.839996,1,2019-11-07
143.979996,1,2019-11-08
145.339996,1,2019-11-11
146.279999,1,2019-11-12
146.740005,1,2019-11-13
147.020004,1,2019-11-14
148.929993,1,2019-11-15
150.070007,1,2019-11-18
150.880005,1,2019-11-19
150.309998,1,2019-11-20
149.399994,1,2019-11-21
150.070007,1,2019-11-22
150.0,1,2019-11-25
151.360001,1,2019-11-26
152.330002,1,2019-11-27
152.100006,1,2019-11-29
151.809998,1,2019-12-02
147.490005,1,2019-12-03
150.139999,1,2019-12-04
150.050003,1,2019-12-05
150.990005,1,2019-12-06
151.070007,1,2019-12-09
151.289993,1,2019-12-10
151.539993,1,2019-12-11
151.649994,1,2019-12-12
153.0,1,2019-12-13
155.110001,1,2019-12-16
155.449997,1,2019-12-17
154.300003,1,2019-12-18
154.0,1,2019-12-19
157.350006,1,2019-12-20
158.119995,1,2019-12-23
157.479996,1,2019-12-24
157.559998,1,2019-12-26
159.449997,1,2019-12-27
158.990005,1,2019-12-30
156.770004,1,2019-12-31
158.779999,1,2020-01-02
158.320007,1,2020-01-03
157.080002,1,2020-01-06
159.320007,1,2020-01-07
158.929993,1,2020-01-08
161.839996,1,2020-01-09
162.820007,1,2020-01-10
161.759995,1,2020-01-13
163.389999,1,2020-01-14
162.619995,1,2020-01-15
164.350006,1,2020-01-16
167.419998,1,2020-01-17
166.679993,1,2020-01-21
167.399994,1,2020-01-22
166.190002,1,2020-01-23
167.509995,1,2020-01-24
161.149994,1,2020-01-27
163.779999,1,2020-01-28
167.839996,1,2020-01-29
174.050003,1,2020-01-30
172.210007,1,2020-01-31
170.429993,1,2020-02-03
177.139999,1,2020-02-04
184.029999,1,2020-02-05
180.970001,1,2020-02-06
182.850006,1,2020-02-07
183.580002,1,2020-02-10
190.649994,1,2020-02-11
185.580002,1,2020-02-12
183.080002,1,2020-02-13
183.25,1,2020-02-14
185.610001,1,2020-02-18
188.059998,1,2020-02-19
186.949997,1,2020-02-20
183.169998,1,2020-02-21
167.770004,1,2020-02-24
174.199997,1,2020-02-25
169.710007,1,2020-02-26
163.320007,1,2020-02-27
152.410004,1,2020-02-28
165.309998,1,2020-03-02
173.800003,1,2020-03-03
168.490005,1,2020-03-04
166.050003,1,2020-03-05
162.610001,1,2020-03-06
151.0,1,2020-03-09
158.160004,1,2020-03-10
157.130005,1,2020-03-11
145.300003,1,2020-03-12
147.5,1,2020-03-13
140.0,1,2020-03-16
140.0,1,2020-03-17
138.0,1,2020-03-18
142.770004,1,2020-03-19
146.0,1,2020-03-20
137.009995,1,2020-03-23
143.75,1,2020-03-24
148.910004,1,2020-03-25
148.399994,1,2020-03-26
151.75,1,2020-03-27
152.440002,1,2020-03-30
159.399994,1,2020-03-31
153.0,1,2020-04-01
151.860001,1,2020-04-02
155.100006,1,2020-04-03
160.320007,1,2020-04-06
169.589996,1,2020-04-07
165.669998,1,2020-04-08
166.360001,1,2020-04-09
164.350006,1,2020-04-13
169.0,1,2020-04-14
171.199997,1,2020-04-15
174.300003,1,2020-04-16
179.5,1,2020-04-17
176.630005,1,2020-04-20
173.5,1,2020-04-21
171.389999,1,2020-04-22
174.110001,1,2020-04-23
172.059998,1,2020-04-24
176.589996,1,2020-04-27
175.589996,1,2020-04-28
173.220001,1,2020-04-29
180.0,1,2020-04-30
175.800003,1,2020-05-01
174.490005,1,2020-05-04
180.619995,1,2020-05-05
182.080002,1,2020-05-06
184.169998,1,2020-05-07
184.979996,1,2020-05-08
183.149994,1,2020-05-11
186.800003,1,2020-05-12
182.550003,1,2020-05-13
177.539993,1,2020-05-14
179.059998,1,2020-05-15
185.75,1,2020-05-18
185.029999,1,2020-05-19
184.809998,1,2020-05-20
185.399994,1,2020-05-21
183.190002,1,2020-05-22
186.339996,1,2020-05-26
180.199997,1,2020-05-27
180.740005,1,2020-05-28
182.729996,1,2020-05-29
182.539993,1,2020-06-01
184.25,1,2020-06-02
184.820007,1,2020-06-03
184.300003,1,2020-06-04
182.619995,1,2020-06-05
185.940002,1,2020-06-08
188.0,1,2020-06-09
191.130005,1,2020-06-10
193.130005,1,2020-06-11
190.539993,1,2020-06-12
184.580002,1,2020-06-15
192.889999,1,2020-06-16
195.029999,1,2020-06-17
194.0,1,2020-06-18
198.589996,1,2020-06-19
195.789993,1,2020-06-22
202.089996,1,2020-06-23
201.600006,1,2020-06-24
197.800003,1,2020-06-25
199.729996,1,2020-06-26
195.779999,1,2020-06-29
197.880005,1,2020-06-30
203.139999,1,2020-07-01
205.679993,1,2020-07-02
208.830002,1,2020-07-06
210.449997,1,2020-07-07
210.070007,1,2020-07-08
216.330002,1,2020-07-09
213.619995,1,2020-07-10
214.479996,1,2020-07-13
206.130005,1,2020-07-14
209.559998,1,2020-07-15
205.399994,1,2020-07-16
204.470001,1,2020-07-17
205.0,1,2020-07-20
213.660004,1,2020-07-21
209.199997,1,2020-07-22
207.190002,1,2020-07-23
200.419998,1,2020-07-24
201.470001,1,2020-07-27
203.610001,1,2020-07-28
202.5,1,2020-07-29
201.0,1,2020-07-30
204.399994,1,2020-07-31
211.520004,1,2020-08-03
214.169998,1,2020-08-04
214.899994,1,2020-08-05
212.339996,1,2020-08-06
214.850006,1,2020-08-07
211.669998,1,2020-08-10
207.160004,1,2020-08-11
205.289993,1,2020-08-12
209.440002,1,2020-08-13
208.759995,1,2020-08-14
209.600006,1,2020-08-17
210.529999,1,2020-08-18
211.490005,1,2020-08-19
209.539993,1,2020-08-20
213.860001,1,2020-08-21
214.789993,1,2020-08-24
213.100006,1,2020-08-25
217.880005,1,2020-08-26
222.889999,1,2020-08-27
228.179993,1,2020-08-28
227.0,1,2020-08-31
225.509995,1,2020-09-01
227.970001,1,2020-09-02
229.270004,1,2020-09-03
215.100006,1,2020-09-04
206.5,1,2020-09-08
207.600006,1,2020-09-09
213.399994,1,2020-09-10
207.199997,1,2020-09-11
204.240005,1,2020-09-14
208.419998,1,2020-09-15
210.619995,1,2020-09-16
200.050003,1,2020-09-17
202.800003,1,2020-09-18
197.190002,1,2020-09-21
205.059998,1,2020-09-22
207.899994,1,2020-09-23
199.850006,1,2020-09-24
203.550003,1,2020-09-25
210.880005,1,2020-09-28
209.350006,1,2020-09-29
207.729996,1,2020-09-30
213.490005,1,2020-10-01
208.0,1,2020-10-02
207.220001,1,2020-10-05
208.820007,1,2020-10-06
207.059998,1,2020-10-07
210.509995,1,2020-10-08
211.229996,1,2020-10-09
218.789993,1,2020-10-12
222.720001,1,2020-10-13
223.0,1,2020-10-14
217.100006,1,2020-10-15
220.149994,1,2020-10-16
220.419998,1,2020-10-19
215.800003,1,2020-10-20
213.119995,1,2020-10-21
213.929993,1,2020-10-22
215.029999,1,2020-10-23
213.850006,1,2020-10-26
211.589996,1,2020-10-27
207.669998,1,2020-10-28
204.070007,1,2020-10-29
203.5,1,2020-10-30
204.289993,1,2020-11-02
203.889999,1,2020-11-03
214.020004,1,2020-11-04
222.039993,1,2020-11-05
222.259995,1,2020-11-06
224.440002,1,2020-11-09
214.5,1,2020-11-10
212.389999,1,2020-11-11
217.210007,1,2020-11-12
216.360001,1,2020-11-13
214.869995,1,2020-11-16
216.100006,1,2020-11-17
213.649994,1,2020-11-18
211.380005,1,2020-11-19
212.199997,1,2020-11-20
210.949997,1,2020-11-23
209.589996,1,2020-11-24
215.110001,1,2020-11-25
214.850006,1,2020-11-27
214.100006,1,2020-11-30
214.509995,1,2020-12-01
214.880005,1,2020-12-02
214.610001,1,2020-12-03
214.220001,1,2020-12-04
214.369995,1,2020-12-07
213.970001,1,2020-12-08
215.160004,1,2020-12-09
211.770004,1,2020-12-10
210.050003,1,2020-12-11
213.100006,1,2020-12-14
215.169998,1,2020-12-15
214.75,1,2020-12-16
219.869995,1,2020-12-17
218.589996,1,2020-12-18
217.550003,1,2020-12-21
222.690002,1,2020-12-22
223.110001,1,2020-12-23
221.419998,1,2020-12-24
224.449997,1,2020-12-28
226.309998,1,2020-12-29
225.229996,1,2020-12-30
221.699997,1,2020-12-31
222.529999,1,2021-01-04
217.259995,1,2021-01-05
212.169998,1,2021-01-06
214.039993,1,2021-01-07
218.679993,1,2021-01-08
218.470001,1,2021-01-11
216.5,1,2021-01-12
214.020004,1,2021-01-13
215.910004,1,2021-01-14
213.520004,1,2021-01-15
213.75,1,2021-01-19
217.699997,1,2021-01-20
224.699997,1,2021-01-21
227.080002,1,2021-01-22
229.119995,1,2021-01-25
231.860001,1,2021-01-26
238.0,1,2021-01-27
235.610001,1,2021-01-28
235.990005,1,2021-01-29
235.059998,1,2021-02-01
241.300003,1,2021-02-02
239.570007,1,2021-02-03
242.660004,1,2021-02-04
242.229996,1,2021-02-05
243.149994,1,2021-02-08
241.869995,1,2021-02-09
245.0,1,2021-02-10
244.779999,1,2021-02-11
243.929993,1,2021-02-12
245.029999,1,2021-02-16
241.320007,1,2021-02-17
241.800003,1,2021-02-18
243.75,1,2021-02-19
237.419998,1,2021-02-22
230.330002,1,2021-02-23
230.009995,1,2021-02-24
232.080002,1,2021-02-25
231.529999,1,2021-02-26
235.899994,1,2021-03-01
237.009995,1,2021-03-02
232.160004,1,2021-03-03
226.740005,1,2021-03-04
229.520004,1,2021-03-05
231.369995,1,2021-03-08
232.880005,1,2021-03-09
237.0,1,2021-03-10
234.960007,1,2021-03-11
234.009995,1,2021-03-12
234.960007,1,2021-03-15
236.279999,1,2021-03-16
236.149994,1,2021-03-17
232.559998,1,2021-03-18
231.020004,1,2021-03-19
230.270004,1,2021-03-22
237.490005,1,2021-03-23
237.850006,1,2021-03-24
235.300003,1,2021-03-25
231.550003,1,2021-03-26
236.589996,1,2021-03-29
233.529999,1,2021-03-30
232.910004,1,2021-03-31
238.470001,1,2021-04-01
242.759995,1,2021-04-05
247.610001,1,2021-04-06
247.809998,1,2021-04-07
252.770004,1,2021-04-08
252.869995,1,2021-04-09
254.710007,1,2021-04-12
257.26001,1,2021-04-13
257.480011,1,2021-04-14
257.929993,1,2021-04-15
259.470001,1,2021-04-16
260.190002,1,2021-04-19
257.820007,1,2021-04-20
258.940002,1,2021-04-21
260.209991,1,2021-04-22
257.880005,1,2021-04-23
261.660004,1,2021-04-26
261.579987,1,2021-04-27
256.079987,1,2021-04-28
255.460007,1,2021-04-29
249.740005,1,2021-04-30
253.399994,1,2021-05-03
250.970001,1,2021-05-04
249.059998,1,2021-05-05
246.449997,1,2021-05-06
252.149994,1,2021-05-07
250.869995,1,2021-05-10
244.550003,1,2021-05-11
242.169998,1,2021-05-12
241.800003,1,2021-05-13
245.580002,1,2021-05-14
246.550003,1,2021-05-17
246.270004,1,2021-05-18
239.309998,1,2021-05-19
243.960007,1,2021-05-20
247.570007,1,2021-05-21
247.789993,1,2021-05-24
251.770004,1,2021-05-25
251.429993,1,2021-05-26
251.169998,1,2021-05-27
251.0,1,2021-05-28
251.229996,1,2021-06-01
248.130005,1,2021-06-02
245.220001,1,2021-06-03
247.759995,1,2021-06-04
249.979996,1,2021-06-07
255.160004,1,2021-06-08
253.809998,1,2021-06-09
254.289993,1,2021-06-10
257.98999,1,2021-06-11
257.899994,1,2021-06-14
259.769989,1,2021-06-15
259.399994,1,2021-06-16
256.070007,1,2021-06-17
259.630005,1,2021-06-18
259.820007,1,2021-06-21
262.720001,1,2021-06-22
265.98999,1,2021-06-23
266.160004,1,2021-06-24
266.230011,1,2021-06-25
266.190002,1,2021-06-28
268.869995,1,2021-06-29
270.690002,1,2021-06-30
269.609985,1,2021-07-01
272.820007,1,2021-07-02
278.029999,1,2021-07-06
279.399994,1,2021-07-07
276.899994,1,2021-07-08
275.720001,1,2021-07-09
279.160004,1,2021-07-12
277.519989,1,2021-07-13
282.350006,1,2021-07-14
282.0,1,2021-07-15
282.070007,1,2021-07-16
278.929993,1,2021-07-19
278.029999,1,2021-07-20
278.899994,1,2021-07-21
283.839996,1,2021-07-22
287.369995,1,2021-07-23
289.0,1,2021-07-26
289.429993,1,2021-07-27
288.98999,1,2021-07-28
286.23999,1,2021-07-29
285.170013,1,2021-07-30
286.359985,1,2021-08-02
285.420013,1,2021-08-03
286.220001,1,2021-08-04
286.880005,1,2021-08-05
288.51001,1,2021-08-06
289.75,1,2021-08-09
288.799988,1,2021-08-10
287.209991,1,2021-08-11
286.630005,1,2021-08-12
289.480011,1,2021-08-13
293.190002,1,2021-08-16
292.390015,1,2021-08-17
292.040009,1,2021-08-18
288.690002,1,2021-08-19
299.720001,1,2021-08-20
303.25,1,2021-08-23
305.019989,1,2021-08-24
304.299988,1,2021-08-25
300.98999,1,2021-08-26
298.98999,1,2021-08-27
301.119995,1,2021-08-30
304.420013,1,2021-08-31
302.869995,1,2021-09-01
302.200012,1,2021-09-02
300.98999,1,2021-09-03
301.01001,1,2021-09-07
299.779999,1,2021-09-08
300.820007,1,2021-09-09
298.420013,1,2021-09-10
297.549988,1,2021-09-13
299.559998,1,2021-09-14
303.26001,1,2021-09-15
303.76001,1,2021-09-16
304.170013,1,2021-09-17
296.329987,1,2021-09-20
295.690002,1,2021-09-21
296.730011,1,2021-09-22
298.850006,1,2021-09-23
298.230011,1,2021-09-24
296.140015,1,2021-09-27
289.799988,1,2021-09-28
285.100006,1,2021-09-29
285.709991,1,2021-09-30
282.119995,1,2021-10-01
287.399994,1,2021-10-04
284.049988,1,2021-10-05
285.779999,1,2021-10-06
295.179993,1,2021-10-07
296.220001,1,2021-10-08
292.920013,1,2021-10-11
295.339996,1,2021-10-12
294.910004,1,2021-10-13
299.209991,1,2021-10-14
302.339996,1,2021-10-15
303.570007,1,2021-10-18
308.350006,1,2021-10-19
309.209991,1,2021-10-20
307.170013,1,2021-10-21
310.399994,1,2021-10-22
309.359985,1,2021-10-25
311.0,1,2021-10-26
316.0,1,2021-10-27
324.329987,1,2021-10-28
324.130005,1,2021-10-29
331.359985,1,2021-11-01
330.309998,1,2021-11-02
333.899994,1,2021-11-03
332.890015,1,2021-11-04
338.51001,1,2021-11-05
337.299988,1,2021-11-08
337.109985,1,2021-11-09
334.570007,1,2021-11-10
331.25,1,2021-11-11
333.920013,1,2021-11-12
337.540009,1,2021-11-15
335.679993,1,2021-11-16
338.940002,1,2021-11-17
338.179993,1,2021-11-18
342.640015,1,2021-11-19
344.619995,1,2021-11-22
337.049988,1,2021-11-23
336.279999,1,2021-11-24
334.350006,1,2021-11-26
334.940002,1,2021-11-29
335.320007,1,2021-11-30
335.130005,1,2021-12-01
330.299988,1,2021-12-02
331.98999,1,2021-12-03
323.950012,1,2021-12-06
331.640015,1,2021-12-07
335.309998,1,2021-12-08
334.410004,1,2021-12-09
334.980011,1,2021-12-10
340.679993,1,2021-12-13
333.220001,1,2021-12-14
328.609985,1,2021-12-15
335.709991,1,2021-12-16
320.880005,1,2021-12-17
320.049988,1,2021-12-20
323.290009,1,2021-12-21
328.299988,1,2021-12-22
332.75,1,2021-12-23
335.459991,1,2021-12-27
343.149994,1,2021-12-28
341.299988,1,2021-12-29
341.910004,1,2021-12-30
338.51001,1,2021-12-31
335.350006,1,2022-01-03
334.829987,1,2022-01-04
325.859985,1,2022-01-05
313.149994,1,2022-01-06
314.149994,1,2022-01-07
309.48999,1,2022-01-10
313.380005,1,2022-01-11
319.670013,1,2022-01-12
320.470001,1,2022-01-13
304.25,1,2022-01-14
304.070007,1,2022-01-18
306.290009,1,2022-01-19
309.070007,1,2022-01-20
302.690002,1,2022-01-21
292.200012,1,2022-01-24
291.519989,1,2022-01-25
307.98999,1,2022-01-26
302.660004,1,2022-01-27
300.230011,1,2022-01-28
308.950012,1,2022-01-31
310.410004,1,2022-02-01
309.630005,1,2022-02-02
309.48999,1,2022-02-03
300.209991,1,2022-02-04
306.170013,1,2022-02-07
301.25,1,2022-02-08
309.869995,1,2022-02-09
304.040009,1,2022-02-10
303.190002,1,2022-02-11
293.769989,1,2022-02-14
300.01001,1,2022-02-15
298.369995,1,2022-02-16
296.359985,1,2022-02-17
293.049988,1,2022-02-18
285.0,1,2022-02-22
290.179993,1,2022-02-23
272.51001,1,2022-02-24
295.140015,1,2022-02-25
294.309998,1,2022-02-28
296.399994,1,2022-03-01
295.359985,1,2022-03-02
302.890015,1,2022-03-03
294.290009,1,2022-03-04
288.529999,1,2022-03-07
277.799988,1,2022-03-08
283.440002,1,2022-03-09
283.019989,1,2022-03-10
287.959991,1,2022-03-11
280.339996,1,2022-03-14
280.350006,1,2022-03-15
289.109985,-1,2022-03-16
293.290009,-1,2022-03-17
295.369995,-1,2022-03-18
298.890015,-1,2022-03-21
299.799988,-1,2022-03-22
300.51001,-1,2022-03-23
299.140015,-1,2022-03-24
305.230011,-1,2022-03-25
304.329987,-1,2022-03-28
313.910004,-1,2022-03-29
313.76001,-1,2022-03-30
313.899994,-1,2022-03-31
309.369995,-1,2022-04-01
310.089996,-1,2022-04-04
313.269989,-1,2022-04-05
305.190002,-1,2022-04-06
296.660004,-1,2022-04-07
300.440002,-1,2022-04-08
291.790009,-1,2022-04-11
289.23999,-1,2022-04-12
282.730011,-1,2022-04-13
288.089996,-1,2022-04-14
278.910004,-1,2022-04-18
279.380005,-1,2022-04-19
289.399994,-1,2022-04-20
288.579987,-1,2022-04-21
281.679993,-1,2022-04-22
273.290009,-1,2022-04-25
277.5,-1,2022-04-26
282.100006,-1,2022-04-27
285.190002,-1,2022-04-28
288.609985,-1,2022-04-29
277.709991,-1,2022-05-02
283.959991,-1,2022-05-03
282.589996,-1,2022-05-04
285.540009,-1,2022-05-05
274.809998,-1,2022-05-06
270.059998,-1,2022-05-09
271.690002,-1,2022-05-10
265.679993,-1,2022-05-11
257.690002,-1,2022-05-12
257.350006,-1,2022-05-13
259.959991,-1,2022-05-16
266.109985,-1,2022-05-17
263.0,-1,2022-05-18
253.899994,-1,2022-05-19
257.23999,-1,2022-05-20
255.490005,-1,2022-05-23
257.890015,-1,2022-05-24
258.140015,-1,2022-05-25
262.269989,-1,2022-05-26
268.480011,-1,2022-05-27
272.529999,-1,2022-05-31
275.200012,-1,2022-06-01
264.450012,-1,2022-06-02
270.309998,-1,2022-06-03
272.059998,-1,2022-06-06
266.640015,-1,2022-06-07
271.709991,-1,2022-06-08
267.779999,-1,2022-06-09
260.579987,-1,2022-06-10
245.110001,-1,2022-06-13
243.860001,-1,2022-06-14
248.309998,-1,2022-06-15
245.979996,-1,2022-06-16
244.699997,-1,2022-06-17
250.259995,-1,2022-06-21
251.889999,-1,2022-06-22
255.570007,-1,2022-06-23
261.809998,-1,2022-06-24
268.209991,-1,2022-06-27
263.980011,-1,2022-06-28
257.589996,-1,2022-06-29
257.049988,-1,2022-06-30
256.390015,-1,2022-07-01
256.160004,-1,2022-07-05
263.75,-1,2022-07-06
265.119995,-1,2022-07-07
264.790009,-1,2022-07-08
265.649994,-1,2022-07-11
265.880005,-1,2022-07-12
250.190002,-1,2022-07-13
250.570007,-1,2022-07-14
255.720001,-1,2022-07-15
259.75,-1,2022-07-18
257.579987,-1,2022-07-19
259.899994,-1,2022-07-20
259.790009,-1,2022-07-21
265.23999,-1,2022-07-22
261.0,-1,2022-07-25
259.859985,-1,2022-07-26
261.160004,-1,2022-07-27
269.75,-1,2022-07-28
277.700012,-1,2022-07-29
277.820007,-1,2022-08-01
276.0,-1,2022-08-02
276.76001,-1,2022-08-03
281.799988,-1,2022-08-04
279.149994,-1,2022-08-05
284.049988,-1,2022-08-08
279.640015,-1,2022-08-09
288.170013,-1,2022-08-10
290.850006,-1,2022-08-11
288.480011,-1,2022-08-12
291.0,-1,2022-08-15
291.98999,-1,2022-08-16
289.73999,-1,2022-08-17
290.190002,-1,2022-08-18
288.899994,-1,2022-08-19
282.079987,-1,2022-08-22
276.440002,-1,2022-08-23
275.410004,-1,2022-08-24
277.329987,-1,2022-08-25
279.079987,-1,2022-08-26
265.850006,-1,2022-08-29
266.670013,-1,2022-08-30
265.390015,-1,2022-08-31
258.869995,-1,2022-09-01
261.700012,-1,2022-09-02
256.200012,-1,2022-09-06
254.699997,-1,2022-09-07
257.51001,-1,2022-09-08
260.5,-1,2022-09-09
265.779999,-1,2022-09-12
258.839996,-1,2022-09-13
253.529999,-1,2022-09-14
249.770004,-1,2022-09-15
244.259995,-1,2022-09-16
242.470001,-1,2022-09-19
242.070007,-1,2022-09-20
244.270004,-1,2022-09-21
237.869995,-1,2022-09-22
239.539993,-1,2022-09-23
237.050003,-1,2022-09-26
239.979996,-1,2022-09-27
236.809998,-1,2022-09-28
238.889999,-1,2022-09-29
238.289993,-1,2022-09-30
235.410004,-1,2022-10-03
245.089996,-1,2022-10-04
245.990005,-1,2022-10-05
247.929993,-1,2022-10-06
240.899994,-1,2022-10-07
233.050003,-1,2022-10-10
227.619995,-1,2022-10-11
225.399994,-1,2022-10-12
219.850006,-1,2022-10-13
235.539993,-1,2022-10-14
235.820007,-1,2022-10-17
243.240005,-1,2022-10-18
237.039993,-1,2022-10-19
235.770004,-1,2022-10-20
234.740005,-1,2022-10-21
243.759995,-1,2022-10-24
247.259995,-1,2022-10-25
231.169998,-1,2022-10-26
231.039993,-1,2022-10-27
226.240005,-1,2022-10-28
233.759995,-1,2022-10-31
234.600006,-1,2022-11-01
229.460007,-1,2022-11-02
220.089996,-1,2022-11-03
217.550003,-1,2022-11-04
221.990005,-1,2022-11-07
228.699997,-1,2022-11-08
227.369995,-1,2022-11-09
235.429993,-1,2022-11-10
242.990005,-1,2022-11-11
241.990005,-1,2022-11-14
245.660004,-1,2022-11-15
242.789993,-1,2022-11-16
237.779999,-1,2022-11-17
243.509995,-1,2022-11-18
241.429993,-1,2022-11-21
243.589996,-1,2022-11-22
245.110001,-1,2022-11-23
247.309998,-1,2022-11-25
246.080002,-1,2022-11-28
241.399994,-1,2022-11-29
240.570007,-1,2022-11-30
253.869995,-1,2022-12-01
249.820007,-1,2022-12-02
252.009995,-1,2022-12-05
250.820007,-1,2022-12-06
244.830002,-1,2022-12-07
244.839996,-1,2022-12-08
244.699997,-1,2022-12-09
247.449997,-1,2022-12-12
261.690002,-1,2022-12-13
257.130005,-1,2022-12-14
253.720001,-1,2022-12-15
248.550003,-1,2022-12-16
244.860001,-1,2022-12-19
239.399994,-1,2022-12-20
241.690002,-1,2022-12-21
241.259995,-1,2022-12-22
236.110001,-1,2022-12-23
238.699997,-1,2022-12-27
236.889999,-1,2022-12-28
235.649994,-1,2022-12-29
238.210007,-1,2022-12-30
243.080002,-1,2023-01-03
232.279999,-1,2023-01-04
227.199997,-1,2023-01-05
223.0,-1,2023-01-06
226.449997,-1,2023-01-09
227.759995,-1,2023-01-10
231.289993,-1,2023-01-11
235.259995,-1,2023-01-12
237.0,-1,2023-01-13
237.970001,-1,2023-01-17
241.570007,-1,2023-01-18
233.779999,-1,2023-01-19
234.860001,-1,2023-01-20
241.100006,-1,2023-01-23
242.5,-1,2023-01-24
234.479996,-1,2023-01-25
243.649994,-1,2023-01-26
248.990005,-1,2023-01-27
244.509995,-1,2023-01-30
243.449997,-1,2023-01-31
248.0,-1,2023-02-01
258.820007,-1,2023-02-02
259.540009,-1,2023-02-03
257.440002,-1,2023-02-06
260.529999,-1,2023-02-07
273.200012,-1,2023-02-08
273.799988,-1,2023-02-09
261.529999,-1,2023-02-10
267.640015,-1,2023-02-13
272.670013,-1,2023-02-14
268.320007,-1,2023-02-15
264.019989,-1,2023-02-16
259.390015,-1,2023-02-17
254.479996,-1,2023-02-21
254.089996,-1,2023-02-22
255.559998,-1,2023-02-23
249.960007,-1,2023-02-24
252.460007,-1,2023-02-27
249.070007,-1,2023-02-28
250.759995,-1,2023-03-01
246.550003,-1,2023-03-02
252.190002,-1,2023-03-03
256.429993,-1,2023-03-06
256.299988,-1,2023-03-07
254.039993,-1,2023-03-08
255.820007,-1,2023-03-09
251.080002,-1,2023-03-10
247.399994,-1,2023-03-13
256.75,-1,2023-03-14
259.980011,-1,2023-03-15
265.209991,-1,2023-03-16
278.26001,-1,2023-03-17
276.980011,-1,2023-03-20
274.880005,1,2023-03-21
273.399994,1,2023-03-22
277.940002,1,2023-03-23
277.23999,1,2023-03-24
280.5,1,2023-03-27
275.790009,1,2023-03-28
278.959991,1,2023-03-29
284.230011,1,2023-03-30
283.730011,1,2023-03-31
286.519989,1,2023-04-03
287.230011,1,2023-04-04
285.850006,1,2023-04-05
283.209991,1,2023-04-06
289.209991,1,2023-04-10
285.75,1,2023-04-11
284.790009,1,2023-04-12
283.589996,1,2023-04-13
287.0,1,2023-04-14
289.929993,1,2023-04-17
291.570007,1,2023-04-18
285.98999,1,2023-04-19
285.25,1,2023-04-20
285.01001,1,2023-04-21
282.089996,1,2023-04-24
279.51001,1,2023-04-25
296.700012,1,2023-04-26
295.970001,1,2023-04-27
304.01001,1,2023-04-28
306.970001,1,2023-05-01
307.76001,1,2023-05-02
306.619995,1,2023-05-03
306.23999,1,2023-05-04
305.720001,1,2023-05-05
310.130005,1,2023-05-08
308.0,1,2023-05-09
308.619995,1,2023-05-10
310.100006,1,2023-05-11
310.549988,1,2023-05-12
309.100006,1,2023-05-15
309.829987,1,2023-05-16
312.290009,1,2023-05-17
314.529999,1,2023-05-18
316.73999,1,2023-05-19
318.600006,1,2023-05-22
320.029999,1,2023-05-23
314.730011,1,2023-05-24
323.23999,1,2023-05-25
324.019989,1,2023-05-26
335.230011,1,2023-05-30
332.290009,1,2023-05-31
325.929993,1,2023-06-01
334.25,1,2023-06-02
335.220001,1,2023-06-05
335.329987,1,2023-06-06
331.649994,1,2023-06-07
323.940002,1,2023-06-08
324.98999,1,2023-06-09
328.579987,1,2023-06-12
334.470001,1,2023-06-13
334.339996,1,2023-06-14
337.480011,1,2023-06-15
351.320007,1,2023-06-16
339.309998,1,2023-06-20
336.369995,1,2023-06-21
334.119995,1,2023-06-22
334.359985,1,2023-06-23
333.720001,1,2023-06-26
331.859985,1,2023-06-27
334.660004,1,2023-06-28
334.709991,1,2023-06-29
337.75,1,2023-06-30
339.190002,1,2023-07-03
335.089996,1,2023-07-05
337.299988,1,2023-07-06
339.320007,1,2023-07-07
334.600006,1,2023-07-10
331.059998,1,2023-07-11
336.600006,1,2023-07-12
339.559998,1,2023-07-13
347.589996,1,2023-07-14
345.679993,1,2023-07-17
345.829987,1,2023-07-18
361.75,1,2023-07-19
353.570007,1,2023-07-20
349.149994,1,2023-07-21
345.850006,1,2023-07-24
347.109985,1,2023-07-25
341.440002,1,2023-07-26
340.480011,1,2023-07-27
333.670013,1,2023-07-28
336.920013,1,2023-07-31
335.190002,1,2023-08-01
333.630005,1,2023-08-02
326.0,1,2023-08-03
331.880005,1,2023-08-04
328.369995,1,2023-08-07
326.959991,1,2023-08-08
326.470001,1,2023-08-09
326.019989,1,2023-08-10
320.26001,1,2023-08-11
321.390015,1,2023-08-14
323.0,1,2023-08-15
320.799988,1,2023-08-16
320.540009,1,2023-08-17
314.48999,1,2023-08-18
317.929993,1,2023-08-21
325.5,1,2023-08-22
323.820007,1,2023-08-23
332.850006,1,2023-08-24
321.470001,1,2023-08-25
325.660004,1,2023-08-28
321.880005,1,2023-08-29
328.670013,1,2023-08-30
329.200012,1,2023-08-31
331.309998,1,2023-09-01
329.0,1,2023-09-05
333.380005,1,2023-09-06
331.290009,1,2023-09-07
330.089996,1,2023-09-08
337.23999,1,2023-09-11
335.820007,1,2023-09-12
331.309998,1,2023-09-13
339.149994,1,2023-09-14
336.920013,1,2023-09-15
327.799988,1,2023-09-18
326.170013,1,2023-09-19
329.51001,1,2023-09-20
319.26001,1,2023-09-21
321.320007,1,2023-09-22
316.589996,1,2023-09-25
315.130005,1,2023-09-26
312.299988,1,2023-09-27
310.98999,1,2023-09-28
317.75,1,2023-09-29
316.279999,1,2023-10-02
320.829987,1,2023-10-03
314.029999,1,2023-10-04
319.089996,1,2023-10-05
316.549988,1,2023-10-06
324.75,1,2023-10-09
330.959991,1,2023-10-10
331.209991,1,2023-10-11
330.570007,1,2023-10-12
332.380005,1,2023-10-13
331.049988,1,2023-10-16
329.589996,1,2023-10-17
332.48999,1,2023-10-18
332.149994,1,2023-10-19
331.720001,1,2023-10-20
325.470001,1,2023-10-23
331.299988,1,2023-10-24
345.019989,1,2023-10-25
340.540009,1,2023-10-26
330.429993,1,2023-10-27
333.410004,1,2023-10-30
338.850006,1,2023-10-31
339.790009,1,2023-11-01
347.23999,1,2023-11-02
349.630005,1,2023-11-03
353.450012,1,2023-11-06
359.399994,1,2023-11-07
361.679993,1,2023-11-08
362.299988,1,2023-11-09
361.48999,1,2023-11-10
368.220001,1,2023-11-13
371.01001,1,2023-11-14
371.279999,1,2023-11-15
370.959991,1,2023-11-16
373.609985,1,2023-11-17
371.220001,1,2023-11-20
375.670013,1,2023-11-21
378.0,1,2023-11-22
377.329987,1,2023-11-24
376.779999,1,2023-11-27
378.350006,1,2023-11-28
383.76001,1,2023-11-29
378.48999,1,2023-11-30
376.76001,1,2023-12-01
369.100006,1,2023-12-04
366.450012,1,2023-12-05
373.540009,1,2023-12-06
368.230011,1,2023-12-07
369.200012,1,2023-12-08
368.480011,1,2023-12-11
370.850006,1,2023-12-12
376.019989,1,2023-12-13
373.309998,1,2023-12-14
366.850006,1,2023-12-15
369.450012,1,2023-12-18
371.48999,1,2023-12-19
375.0,1,2023-12-20
372.559998,1,2023-12-21
373.679993,1,2023-12-22
375.0,1,2023-12-26
373.690002,1,2023-12-27
375.369995,1,2023-12-28
376.0,1,2023-12-29
